<?xml version="1.0" encoding="UTF-8"?>
<manifest>
  <remote name="rr" fetch="ssh://git@github.com/ResurrectionRemix" revision="oreo" />
  <default remote="rr" sync-c="true" sync-j="8" sync-f="true" />
  <project path="manifest" name="platform_manifest" remote="rr" />
  <project path="rr_crowdin" name="rr_crowdin" remote="rr" />
  <project path="packages/apps/ResurrectionOTA" name="packages_apps_ResurrectionOTA" remote="rr" />
  <project path="packages/apps/ResurrectionStats" name="packages_apps_ResurrectionStats" remote="rr" />
  <project path="packages/apps/DUI" name="packages_apps_DUI" remote="rr" />
  <project path="packages/services/OmniJaws" name="packages_services_OmniJaws" remote="rr" />
  <project path="frameworks/base" name="android_frameworks_base" remote="rr" />
  <project path="packages/apps/Settings" name="Resurrection_packages_apps_Settings" remote="rr" />
  <project path="packages/apps/LineageParts" name="packages_apps_LineageParts" remote="rr" />
  <project path="lineage-sdk" name="lineage-sdk" remote="rr" />
</manifest>
