<?xml version="1.0" encoding="UTF-8"?>
<manifest>

  <!-- LineageOS additions -->
  <project path="external/bash" name="LineageOS/android_external_bash" />
  <project path="external/exfat" name="LineageOS/android_external_exfat" />
  <!--<project path="external/ffmpeg" name="LineageOS/android_external_ffmpeg" />-->
  <project path="external/fuse" name="LineageOS/android_external_fuse" />
  <project path="external/htop" name="LineageOS/android_external_htop" />
  <project path="external/libncurses" name="LineageOS/android_external_libncurses" />
  <project path="external/libnfc-nxp" name="LineageOS/android_external_libnfc-nxp" />
  <project path="external/libtar" name="LineageOS/android_external_libtar" />
  <project path="external/lineage-sdk-api-coverage" name="LineageOS/android_external_lineage-sdk-api-coverage" />
  <project path="external/nano" name="LineageOS/android_external_nano" />
  <project path="external/ntfs-3g" name="LineageOS/android_external_ntfs-3g" />
  <project path="external/one-true-awk" name="LineageOS/android_external_one-true-awk" />
  <project path="external/openssh" name="LineageOS/android_external_openssh" />
  <project path="external/p7zip" name="LineageOS/android_external_p7zip" />
  <project path="external/pigz" name="LineageOS/android_external_pigz" />
  <project path="external/rsync" name="LineageOS/android_external_rsync" />
  <!--<project path="external/stagefright-plugins" name="LineageOS/android_external_stagefright-plugins" />-->
  <project path="external/unrar" name="LineageOS/android_external_unrar" />
  <project path="external/vim" name="LineageOS/android_external_vim" />
  <!--<project path="external/yaffs2" name="LineageOS/android_external_yaffs2" />-->
  <project path="external/zip" name="LineageOS/android_external_zip" />
  <project path="hardware/lineage/interfaces" name="LineageOS/android_hardware_lineage_interfaces" >
    <copyfile dest="hardware/lineage/Android.bp" src="Android.bp"/>
  </project>
  <project path="hardware/lineage/lineagehw" name="LineageOS/android_hardware_lineage_lineagehw" />
  <project path="hardware/lineage/telephony" name="LineageOS/android_hardware_lineage_telephony" />
  <!--<project path="hardware/ti/omap4" name="LineageOS/android_hardware_ti_omap4" />-->
  <!--<project path="hardware/ti/wlan" name="LineageOS/android_hardware_ti_wlan" />-->
  <!--<project path="hardware/ti/wpan" name="LineageOS/android_hardware_ti_wpan" />-->
  <project path="lineage-sdk/samples/weatherproviderservice/OpenWeatherMapProvider" name="LineageOS/android_packages_apps_OpenWeatherMapProvider" />
  <project path="lineage-sdk/samples/weatherproviderservice/WundergroundWeatherProvider" name="LineageOS/android_packages_apps_WundergroundWeatherProvider" />
  <project path="lineage-sdk/samples/weatherproviderservice/YahooWeatherProvider" name="LineageOS/android_packages_apps_YahooWeatherProvider" />
  <project path="packages/apps/AudioFX" name="LineageOS/android_packages_apps_AudioFX" />
  <project path="packages/apps/Eleven" name="LineageOS/android_packages_apps_Eleven" />
  <!--<project path="packages/apps/Exchange" name="LineageOS/android_packages_apps_Exchange" />-->
  <project path="packages/apps/FMRadio" name="LineageOS/android_packages_apps_FMRadio" />
  <project path="packages/apps/Jelly" name="LineageOS/android_packages_apps_Jelly" />
  <project path="packages/apps/LockClock" name="LineageOS/android_packages_apps_LockClock" />
  <project path="packages/apps/Profiles" name="LineageOS/android_packages_apps_Profiles" />
  <project path="packages/apps/Recorder" name="LineageOS/android_packages_apps_Recorder" />
  <project path="packages/apps/Snap" name="LineageOS/android_packages_apps_Snap" />
  <!--<project path="packages/apps/SetupWizard" name="LineageOS/android_packages_apps_SetupWizard" />-->
  <!--<project path="packages/apps/Updater" name="LineageOS/android_packages_apps_Updater" />-->
  <!--<project path="packages/providers/DataUsageProvider" name="LineageOS/android_packages_providers_DataUsageProvider" />-->
  <project path="packages/providers/WeatherProvider" name="LineageOS/android_packages_providers_WeatherProvider" />
  <project path="prebuilts/lineage-sdk" name="LineageOS/android_prebuilts_lineage-sdk" clone-depth="1" />
  <project path="system/extras/su" name="LineageOS/android_system_extras_su" />

  <!-- CodeAurora additions -->
  <project path="external/ant-wireless/ant_native" name="LineageOS/android_external_ant-wireless_ant_native" />
  <project path="external/ant-wireless/ant_service" name="LineageOS/android_external_ant-wireless_ant_service" />
  <project path="external/ant-wireless/antradio-library" name="LineageOS/android_external_ant-wireless_antradio-library" />
  <project path="external/brctl" name="LineageOS/android_external_brctl" />
  <project path="external/connectivity" name="LineageOS/android_external_connectivity" />
  <project path="external/ebtables" name="LineageOS/android_external_ebtables" />
  <project path="external/json-c" name="LineageOS/android_external_json-c" />
  <project path="external/powertop" name="LineageOS/android_external_powertop" />
  <project path="hardware/qcom/audio-caf/apq8084" name="LineageOS/android_hardware_qcom_audio" groups="qcom,qcom_audio,pdk" revision="lineage-15.1-caf-8084" />
  <project path="hardware/qcom/audio-caf/msm8916" name="LineageOS/android_hardware_qcom_audio" groups="qcom,qcom_audio,pdk" revision="lineage-15.1-caf-8916" />
  <project path="hardware/qcom/audio-caf/msm8952" name="LineageOS/android_hardware_qcom_audio" groups="qcom,qcom_audio,pdk" revision="lineage-15.1-caf-8952" />
  <project path="hardware/qcom/audio-caf/msm8960" name="LineageOS/android_hardware_qcom_audio" groups="qcom,qcom_audio,pdk" revision="lineage-15.1-caf-8960" />
  <project path="hardware/qcom/audio-caf/msm8974" name="LineageOS/android_hardware_qcom_audio" groups="qcom,qcom_audio,pdk" revision="lineage-15.1-caf-8974" />
  <project path="hardware/qcom/audio-caf/msm8994" name="LineageOS/android_hardware_qcom_audio" groups="qcom,qcom_audio,pdk" revision="staging/lineage-15.1-caf-8994" />
  <project path="hardware/qcom/audio-caf/msm8996" name="LineageOS/android_hardware_qcom_audio" groups="qcom,qcom_audio,pdk" revision="lineage-15.1-caf-8996" />
  <project path="hardware/qcom/audio-caf/msm8998" name="LineageOS/android_hardware_qcom_audio" groups="qcom,qcom_audio,pdk" revision="lineage-15.1-caf-8998" />
  <project path="hardware/qcom/audio-caf/sdm845" name="LineageOS/android_hardware_qcom_audio" groups="qcom,qcom_audio,pdk" revision="lineage-15.1-caf-845" />
  <project path="hardware/qcom/bt-caf" name="LineageOS/android_hardware_qcom_bt" groups="qcom,pdk" revision="lineage-15.1-caf" />
  <project path="hardware/qcom/display-caf/apq8084" name="LineageOS/android_hardware_qcom_display" groups="pdk,qcom,qcom_display" revision="lineage-15.1-caf-8084" />
  <project path="hardware/qcom/display-caf/msm8916" name="LineageOS/android_hardware_qcom_display" groups="pdk,qcom,qcom_display" revision="lineage-15.1-caf-8916" />
  <project path="hardware/qcom/display-caf/msm8952" name="LineageOS/android_hardware_qcom_display" groups="pdk,qcom,qcom_display" revision="lineage-15.1-caf-8952" />
  <project path="hardware/qcom/display-caf/msm8960" name="LineageOS/android_hardware_qcom_display" groups="pdk,qcom,qcom_display" revision="lineage-15.1-caf-8960" />
  <project path="hardware/qcom/display-caf/msm8974" name="LineageOS/android_hardware_qcom_display" groups="pdk,qcom,qcom_display" revision="lineage-15.1-caf-8974" />
  <project path="hardware/qcom/display-caf/msm8994" name="LineageOS/android_hardware_qcom_display" groups="pdk,qcom,qcom_display" revision="staging/lineage-15.1-caf-8994" />
  <project path="hardware/qcom/display-caf/msm8996" name="LineageOS/android_hardware_qcom_display" groups="pdk,qcom,qcom_display" revision="lineage-15.1-caf-8996" />
  <project path="hardware/qcom/display-caf/msm8998" name="LineageOS/android_hardware_qcom_display" groups="pdk,qcom,qcom_display" revision="lineage-15.1-caf-8998" />
  <project path="hardware/qcom/display-caf/sdm845" name="LineageOS/android_hardware_qcom_display" groups="pdk,qcom,qcom_display" revision="lineage-15.1-caf-845" />
  <project path="hardware/qcom/fm" name="LineageOS/android_hardware_qcom_fm" groups="qcom,qcom_fm" />
  <project path="hardware/qcom/media-caf/apq8084" name="LineageOS/android_hardware_qcom_media" groups="qcom,pdk" revision="lineage-15.1-caf-8084" />
  <project path="hardware/qcom/media-caf/msm8916" name="LineageOS/android_hardware_qcom_media" groups="qcom,pdk" revision="lineage-15.1-caf-8916" />
  <project path="hardware/qcom/media-caf/msm8952" name="LineageOS/android_hardware_qcom_media" groups="qcom,pdk" revision="lineage-15.1-caf-8952" />
  <project path="hardware/qcom/media-caf/msm8960" name="LineageOS/android_hardware_qcom_media" groups="qcom,pdk" revision="lineage-15.1-caf-8960" />
  <project path="hardware/qcom/media-caf/msm8974" name="LineageOS/android_hardware_qcom_media" groups="qcom,pdk" revision="lineage-15.1-caf-8974" />
  <project path="hardware/qcom/media-caf/msm8994" name="LineageOS/android_hardware_qcom_media" groups="qcom,pdk" revision="staging/lineage-15.1-caf-8994" />
  <project path="hardware/qcom/media-caf/msm8996" name="LineageOS/android_hardware_qcom_media" groups="qcom,pdk" revision="lineage-15.1-caf-8996" />
  <project path="hardware/qcom/media-caf/msm8998" name="LineageOS/android_hardware_qcom_media" groups="qcom,pdk" revision="lineage-15.1-caf-8998" />
  <project path="hardware/qcom/media-caf/sdm845" name="LineageOS/android_hardware_qcom_media" groups="qcom,pdk" revision="lineage-15.1-caf-845" />
  <project path="hardware/qcom/neuralnetworks/hvxservice" name="LineageOS/android_hardware_qcom_neuralnetworks_hvxservice" >
    <copyfile dest="hardware/qcom/Android.bp" src="Android.bp"/>
  </project>
  <project path="hardware/qcom/power" name="LineageOS/android_hardware_qcom_power" groups="qcom,pdk" />
  <project path="hardware/qcom/thermal" name="LineageOS/android_hardware_qcom_thermal" />
  <project path="hardware/qcom/vr" name="LineageOS/android_hardware_qcom_vr" />
  <project path="hardware/qcom/wlan-caf" name="LineageOS/android_hardware_qcom_wlan" groups="qcom_wlan,pdk" revision="lineage-15.1-caf" />
  <project path="hardware/ril-caf" name="LineageOS/android_hardware_ril" groups="pdk" revision="lineage-15.1-caf" />
  <project path="system/qcom" name="LineageOS/android_system_qcom" groups="qcom" />
  <project path="system/tools/dtbtool" name="LineageOS/android_system_tools_dtbtool" />
  <project path="vendor/codeaurora/telephony" name="LineageOS/android_vendor_codeaurora_telephony" />
  <project path="vendor/nxp/interfaces/opensource/nfc" name="LineageOS/android_vendor_nxp_interfaces_opensource_nfc" >
    <linkfile dest="vendor/nxp/interfaces/Android.bp" src="prop_pickup.bp"/>
  </project>
  <project path="vendor/nxp/opensource/external/libnfc-nci" name="LineageOS/android_vendor_nxp_opensource_external_libnfc-nci" />
  <project path="vendor/nxp/opensource/frameworks" name="LineageOS/android_vendor_nxp_opensource_frameworks" />
  <project path="vendor/nxp/opensource/packages/apps/Nfc" name="LineageOS/android_vendor_nxp_opensource_packages_apps_Nfc" />
  <project path="vendor/qcom/opensource/cryptfs_hw" name="LineageOS/android_vendor_qcom_opensource_cryptfs_hw" />
  <project path="vendor/qcom/opensource/dataservices" name="LineageOS/android_vendor_qcom_opensource_dataservices" />
  <project path="vendor/qcom/opensource/interfaces" name="LineageOS/android_vendor_qcom_opensource_interfaces" >
    <copyfile dest="vendor/qcom/opensource/Android.bp" src="os_pickup.bp"/>
  </project>
  <project path="vendor/qcom/opensource/rcs-service" name="LineageOS/android_vendor_qcom_opensource_rcs-service" />

</manifest>
